PC4,Stad,Gemeente,# gemeld door,Gemeenten (gemeld),Budbee,DHL,DPD,GLS,PostNL,ViaTim,VintedGo,Pakketpunten,Automaten,Shops,Inwoners,km²,PP/km²,PP/1000 inw.,Verwacht (k=8)
1011,Amsterdam,Amsterdam,1,Amsterdam,,,,,,,,9,4,5,9940,1.0419,8.638,0.905,16.74
1012,Amsterdam,Amsterdam,2,Amsterdam,,,,,,X,,21,3,18,9105,1.1896,17.653,2.306,30.24
1013,Amsterdam,Amsterdam,2,,,,,,X,X,,17,4,13,23065,4.9303,3.651,0.78,18.93
1015,Amsterdam,Amsterdam,3,Amsterdam,,,,,X,,X,7,1,6,14750,0.7122,11.233,0.542,11.08
1016,Amsterdam,Amsterdam,3,Amsterdam,,X,,,,X,,11,1,10,11240,0.8297,13.258,0.979,22.45
1017,Amsterdam,Amsterdam,2,Amsterdam,,,,,,X,,14,8,6,13280,1.3187,10.617,1.054,18.25
1018,Amsterdam,Amsterdam,2,Amsterdam,,,,,,X,,11,8,3,23465,2.1522,5.576,0.511,18.53
1019,Amsterdam,Amsterdam,1,,,X,,,,,,11,2,9,20830,3.7657,2.921,0.528,14.33
1034,Amsterdam,Amsterdam,1,,,X,,,,,,4,0,4,14935,2.2865,1.749,0.268,9.93
1051,Amsterdam,Amsterdam,1,,,,X,,,,,14,5,9,13130,0.9697,13.406,0.99,3.64
1052,Amsterdam,Amsterdam,3,,X,X,,X,,,,6,2,4,11875,0.591,10.152,0.505,7.51
1053,Amsterdam,Amsterdam,1,,,,X,,,,,23,7,16,16335,0.7199,31.949,1.408,21.54
1054,Amsterdam,Amsterdam,2,,,,,,X,,X,10,5,5,16900,0.8868,11.276,0.592,14.16
1056,Amsterdam,Amsterdam,1,,,X,,,,,,26,5,21,20510,1.0608,23.567,1.219,8.9
1067,Amsterdam,Amsterdam,1,,,X,,,,,,15,4,11,20675,9.1158,1.536,0.677,19.79
1072,Amsterdam,Amsterdam,4,Amsterdam,X,,X,,,,X,15,3,12,13820,0.6254,23.985,1.085,12.04
1073,Amsterdam,Amsterdam,1,Amsterdam,,,,,,,,19,8,11,13260,0.5761,31.245,1.357,9.41
1074,Amsterdam,Amsterdam,1,Amsterdam,,,,,,,,1,0,1,8280,0.4207,2.377,0.121,6.77
1077,Amsterdam,Amsterdam,2,,,X,,,,,X,4,2,2,9995,1.6983,2.355,0.4,6.52
1079,Amsterdam,Amsterdam,1,,,X,,,,,,11,7,4,14425,1.4938,6.694,0.693,9.85
1095,Amsterdam,Amsterdam,1,,,X,,,,,,7,1,6,15800,3.9256,1.783,0.443,13.15
1097,Amsterdam,Amsterdam,2,,,X,,,,,X,5,3,2,15965,2.7713,1.804,0.313,13.02
1106,Amsterdam,Amsterdam,2,,X,X,,,,,,11,1,10,17830,2.8613,4.543,0.729,10.29
1107,Amsterdam,Amsterdam,1,,X,,,,,,,0,0,0,11665,1.9926,0.0,0.0,5.56
1185,Amsterdam,Amstelveen,1,,,X,,,,,,11,8,3,13120,3.2755,2.748,0.686,10.65
1401,Amsterdam,Gooise Meren,1,,X,,,,,,,3,2,1,4745,1.0554,2.843,0.632,3.87
2492,Den Haag,Den Haag,1,,,,X,,,,,7,3,4,12165,1.9761,3.542,0.575,6.13
2514,Den Haag,Wassenaar,1,,,,,,,,X,4,0,4,3895,0.7474,5.352,1.027,6.36
2521,Den Haag,Rijswijk,2,,X,,,,,,X,19,7,12,12855,1.0377,17.346,1.4,15.58
2525,Den Haag,Den Haag,1,,,X,,,,,,13,0,13,17465,0.95,13.684,0.744,28.66
2526,Den Haag,Rijswijk,3,,,X,,X,X,,,7,0,7,12730,0.6142,11.397,0.55,15.01
2531,Den Haag,Den Haag,2,,X,,,,,,X,4,0,4,9460,0.8319,4.808,0.423,6.44
2548,Den Haag,Den Haag,1,,,X,,,,,,8,5,3,24420,3.272,1.528,0.205,16.07
2552,Den Haag,Den Haag,1,,,,X,,,,,24,14,10,16140,2.2246,9.889,1.363,14.69
2561,Den Haag,Den Haag,1,,,,,,X,,,1,0,1,5570,0.164,6.098,0.18,7.54
2565,Den Haag,Den Haag,2,,X,,,,,,X,9,7,2,12325,1.3311,5.259,0.568,6.12
2571,Den Haag,Den Haag,1,,X,,,,,,,24,5,19,11205,0.637,36.107,2.053,23.56
2573,Den Haag,Den Haag,2,,X,X,,,,,,16,5,11,10645,0.5303,28.286,1.409,11.41
2585,Den Haag,Wassenaar,1,,,X,,,,,,5,2,3,6810,1.8681,2.677,0.734,2.45
2593,Den Haag,Leidschendam-Voorburg,2,,,,X,,X,,,15,8,7,8840,0.7436,20.172,1.697,10.39
2907,Rotterdam,Capelle aan den IJssel,1,,,X,,,,,,7,4,3,14135,3.1707,1.577,0.354,10.98
3011,Rotterdam,Rotterdam,1,,,,,,X,,,24,12,12,18360,1.7222,12.774,1.198,27.61
3012,Rotterdam,Rotterdam,2,,,,,,X,,X,19,15,4,6630,0.5396,27.798,2.262,18.27
3021,Rotterdam,Rotterdam,1,,,X,,,,,,20,0,20,11695,0.7234,27.647,1.71,14.22
3027,Rotterdam,Rotterdam,1,,,,X,,,,,5,0,5,9910,0.5971,8.374,0.505,7.29
3034,Rotterdam,Rotterdam,1,,,X,,,,,,10,2,8,12030,1.7177,5.822,0.831,11.21
3038,Rotterdam,Rotterdam,1,,X,,,,,,,7,3,4,7935,0.4859,16.464,1.008,6.16
3043,Rotterdam,Rotterdam,1,,X,,,,,,,4,1,3,7040,1.9777,2.023,0.568,8.82
3061,Rotterdam,Rotterdam,1,,,,X,,,,,19,9,10,15925,1.0485,18.121,1.193,13.97
3062,Rotterdam,Rotterdam,2,,,,,X,X,,,8,4,4,8930,6.4737,1.236,0.896,14.73
3068,Rotterdam,Rotterdam,1,,,,X,,,,,12,3,9,23205,3.7932,2.636,0.431,18.91
3069,Rotterdam,Rotterdam,1,,,X,,,,,,11,9,2,19095,3.2228,2.793,0.471,11.61
3076,Rotterdam,Rotterdam,2,,X,,,,,,X,10,2,8,15565,2.5054,3.991,0.642,16.92
3077,Rotterdam,Rotterdam,1,,,X,,,,,,16,2,14,18100,4.7249,3.598,0.939,15.28
3078,Rotterdam,Rotterdam,2,,X,,,,,,X,14,4,10,12915,2.8377,5.286,1.161,13.57
3081,Rotterdam,Rotterdam,2,,X,,,,,,X,7,0,7,12245,1.1909,5.878,0.572,16.81
3085,Rotterdam,Rotterdam,1,,,X,,,,,,18,4,14,14105,1.7775,9.564,1.205,12.94
3451,Utrecht,Utrecht,1,,,,X,,,,,10,4,6,13175,7.0662,0.991,0.531,9.31
3511,Utrecht,Utrecht,2,,,X,X,,,,,22,6,16,9565,1.2963,16.971,2.3,21.16
3512,Utrecht,Utrecht,1,,,X,,,,,,1,0,1,8840,0.8883,1.126,0.113,19.48
3514,Utrecht,Utrecht,1,,,,,,,,X,3,0,3,7435,0.6709,4.472,0.403,7.18
3522,Utrecht,Utrecht,1,,,X,,,,,,1,0,1,8980,0.8314,1.203,0.111,4.12
3523,Utrecht,Utrecht,1,,,X,,,,,,17,11,6,10580,1.0832,13.848,1.418,6.91
3524,Utrecht,Utrecht,1,,,X,,,,,,7,4,3,11385,2.6668,1.875,0.439,8.36
3525,Utrecht,Utrecht,1,,,X,,,,,,4,3,1,6795,0.7744,5.165,0.589,1.78
3527,Utrecht,Utrecht,1,,,,X,,,,,14,5,9,13700,1.5559,7.713,0.876,12.03
3531,Utrecht,Utrecht,2,,,X,,,X,,,8,3,5,11370,0.9645,8.294,0.704,10.99
3532,Utrecht,Utrecht,1,,,,,,X,,,4,3,1,6755,0.6366,6.283,0.592,4.05
3534,Utrecht,Utrecht,1,,,,,,X,,,6,4,2,1875,1.0863,5.523,3.2,0.0
3541,Utrecht,Utrecht,1,,,X,,,,,,8,3,5,12715,1.5783,6.336,0.786,7.99
3544,Utrecht,Utrecht,1,,,,,,,,X,7,3,4,23780,3.2558,2.15,0.294,14.16
3563,Utrecht,Utrecht,1,,X,,,,,,,3,1,2,7775,1.1583,2.59,0.386,4.47
3564,Utrecht,Utrecht,1,,X,,,,,,,4,1,3,9625,1.0896,3.671,0.416,7.55
3571,Utrecht,Utrecht,2,,X,,,,,,X,7,4,3,10080,1.2805,5.467,0.694,3.53
3572,Utrecht,Utrecht,3,,X,X,,X,,,,4,0,4,11505,0.7738,5.169,0.348,7.09
3573,Utrecht,Utrecht,2,,X,,,,,,X,0,0,0,5130,1.4712,0.0,0.0,1.17
3581,Utrecht,Utrecht,1,,,X,,,,,,4,2,2,9850,1.037,1.929,0.203,7.71
3582,Utrecht,Utrecht,1,,,X,,,,,,12,3,9,9700,1.1059,10.851,1.237,6.89
